{
  "final_micro_f1": 30.856553147574818,
  "final_macro_f1": 31.45045232545233,
  "coarse_micro_f1": 42.10526315789473,
  "fine_micro_f1": 19.607843137254903,
  "coarse_macro_f1": 43.222943722943725,
  "fine_macro_f1": 19.677960927960925
}